Name,Item_ID,Demand,Units
"3 Ply Face Mask",501,10,million
"N95 Respiratory Mask",502,10,million
"Oxygen Cylinder",503,2,lakh
"Portable Oxygen Can",504,1,lakh
"Oxygen concentrator",505,1,lakh
"Oxygen refill",506,10,"cubic metres"
"Oxygen mask",507,10,million
"Surgical gloves",508,10,million
"Infrared thermometer",509,10,lakh
"Digital thermometer",510,10,lakh
"ICU ventilator",511,10,thousand
"Coronavirus Test kit",512,10,crore
"Blood group Test kit",513,10,million
"Covid medicine kit",514,10,crore
"Oxy-pulse meter",515,10,lakh
