Name,Patient_ID,Hospital_ID,Variant_name,DOB,Sex,Blood_GRoup,Contact
Sharan,1,1011,Alpha,1990-03-22,Male,A+,8620076123
Raman,2,1011,Beta,1992-02-02,Male,B+,8620076124
Lalita,3,1011,Delta,1987-04-12,Female,AB+,8620076125
Seema,4,1012,Omicron,1986-01-13,Female,A-,8620076126
Suketh,5,1012,Alpha,1987-02-14,Male,B-,8620076127
Suresh,6,1012,Beta,1988-03-15,Male,O+,8620076128
Reema,7,1012,Delta,1988-04-16,Female,O+,8620076129
Saketh,8,1021,Omicron,1982-05-17,Male,AB+,8620076130
Sanket,9,1021,Alpha,1995-06-18,Male,AB-,8620076131
Simar,10,1022,Beta,1996-07-21,Female,A+,8620076132
Anita,11,1022,Delta,1985-08-22,Female,B+,8620076133
Karan,12,1022,Omicron,1972-09-01,Male,O+,8620076134
Rishabh,13,1031,Alpha,1991-10-02,Male,A-,8620076135
Ramesh,14,1031,Beta,1989-02-03,Male,B-,8620076136
Akash,15,1031,Delta,1990-02-04,Male,AB-,8620076137
Pragya,16,1032,Omicron,1988-03-05,Female,O-,8620076138
Prachi,17,1032,Alpha,1987-03-06,Female,O+,8620076139
Abhishek,18,1032,Beta,1986-03-07,Male,A+,8620076140
Karthik,19,1041,Delta,1985-04-08,Male,B+,8620076141
Rithik,20,1041,Omicron,1984-04-09,Male,AB+,8620076142
Ankur,21,1041,Alpha,1983-04-10,Male,O+,8620076143
Shivanya,22,1042,Beta,1982-02-11,Female,A-,8620076144
Meher,23,1042,Delta,1981-02-12,Female,B-,8620076145
Shourya,24,1042,Omicron,1980-05-13,Male,AB+,8620076146
Samar,25,1052,Alpha,1971-05-14,Male,O+,8620076147
Arav,26,1052,Beta,1972-05-15,Male,O-,8620076148
Vivan,27,1052,Delta,1973-02-13,Male,B+,8620076149
Rhea,28,1061,Omicron,1974-02-14,Female,A+,8620076150
Srujan,29,1061,Alpha,1975-02-21,Male,AB+,8620076151
Sriman,30,1061,Beta,1976-06-22,Male,O+,8620076152
Rahul,31,1062,Delta,1977-06-23,Male,O-,8620076153
Rishitha,32,1062,Omicron,1978-06-24,Female,A-,8620076154
Ishitha,33,1062,Alpha,1979-02-25,Female,B+,8620076155
Suresh,34,1071,Beta,1980-02-26,Male,B-,8620076156
Sudamsh,35,1071,Delta,1981-08-27,Male,A+,8620076157
Suraj,36,1071,Omicron,1982-08-28,Male,B+,8620076158
Ravi,37,1072,Alpha,1983-08-01,Male,AB+,8620076159
Hema,38,1072,Beta,1984-08-02,Female,O+,8620076160
Raghu,39,1081,Delta,1985-02-03,Male,A-,8620076161
Praveen,40,1081,Omicron,1986-02-04,Male,B-,8620076162
Vineeta,41,1081,Alpha,1987-10-05,Female,AB-,8620076163
Namita,42,1081,Beta,1988-10-06,Female,O-,8620076164
Mohsin,43,1081,Delta,1989-10-07,Male,O+,8620076165
Hemadri,44,1082,Omicron,1990-10-08,Male,A+,8620076166
Vamsi,45,1082,Alpha,1991-02-09,Male,B+,8620076167
Satvik,46,1082,Beta,1992-02-10,Male,AB+,8620076168
Rajeev,47,1082,Delta,1993-12-11,Male,A+,8620076169
Samhitha,48,1091,Omicron,1972-12-12,Female,B+,8620076170
Kushal,49,1091,Alpha,1973-12-13,Male,AB+,8620076171
Kunal,50,1091,Beta,1974-12-14,Male,O+,8620076172
Karan,51,1091,Delta,1975-02-15,Male,O-,8620076173
Ganga,52,1091,Omicron,1976-02-16,Female,A-,8620076174
Sagar,53,1092,Alpha,1977-03-17,Male,B-,8620076175
Shiv,54,1092,Beta,1978-03-18,Male,AB-,8620076176
Meghana,55,1092,Delta,1979-09-22,Female,O-,8620076177
Sarab,56,1092,Omicron,1980-09-21,Male,A+,8620076178
Vivek,57,1092,Alpha,1981-09-19,Male,B+,8620076179
Pranita,58,1101,Beta,1982-02-18,Female,AB+,8620076180
Pranav,59,1101,Delta,1983-12-17,Male,O+,8620076181
Raghav,60,1101,Omicron,1984-12-16,Male,A+,8620076182
Anudeep,61,1101,Alpha,1985-12-15,Male,B+,8620076183
Anupriya,62,1102,Beta,1986-12-14,Female,AB+,8620076184
Sebhan,63,1102,Delta,1987-12-13,Male,O+,8620076185
Malhar,64,1102,Omicron,1988-12-12,Male,A-,8620076186
Kalyani,65,1102,Alpha,1989-02-11,Female,B-,8620076187
Sathvika,66,1011,Beta,1990-02-10,Female,AB-,8620076188
Varun,67,1011,Delta,1991-04-09,Male,O-,8620076189
Virat,68,1011,Omicron,1992-05-08,Male,O+,8620076190
Deepti,69,1012,Alpha,1993-06-07,Female,A+,8620076191
Sindhu,70,1012,Beta,1981-07-06,Female,B+,8620076192
Sruthi,71,1012,Delta,1982-08-05,Female,AB+,8620076193
Prajesh,72,1012,Omicron,1983-02-04,Male,O-,8620076194
Ajay,73,1021,Alpha,1984-02-03,Male,A-,8620076195
Vijay,74,1021,Beta,1985-05-02,Male,B-,8620076196
Prajwal,75,1021,Delta,1986-06-01,Male,AB-,8620076197
Shresta,76,1021,Omicron,1987-07-10,Female,A+,8620076198
Suma,77,1022,Alpha,1988-08-11,Female,B+,8620076199
Ram,78,1022,Beta,1989-09-12,Male,AB+,8620076100
Rahul,79,1022,Delta,1990-02-13,Male,A-,8620076101
Suketh,80,1031,Omicron,1991-01-14,Male,O+,8620076102
Priya,81,1031,Alpha,1992-02-15,Female,A+,8620076103
Lavanya,82,1031,Beta,1993-03-16,Female,A+,8620076104
Piyush,83,1031,Delta,1994-04-17,Male,B+,8620076105
Rohit,84,1041,Omicron,1995-02-18,Male,A+,8620076106
Abhinav,85,1041,Alpha,1996-02-19,Male,AB+,8620076107
Titas,86,1041,Beta,1997-05-20,Male,A+,8620076108
Gautham,87,1041,Delta,1969-05-21,Male,O+,8620076109
Laya,88,1061,Omicron,1975-02-22,Female,A+,8620076110
Jahnavi,89,1061,Alpha,1992-06-23,Female,O+,8620076111
Yash,90,1061,Beta,1986-06-24,Male,A+,8620076112
Yashwanth,91,1061,Delta,1987-02-25,Male,A+,8620076113
Yuhaan,92,1062,Omicron,1988-01-26,Male,AB+,8620076114
Tarun,93,1062,Alpha,1989-02-27,Male,AB+,8620076115
Arun,94,1062,Beta,1990-03-28,Male,A+,8620076116
Aruna,95,1062,Delta,1992-04-01,Female,O+,8620076117
Preeti,96,1062,Omicron,1971-05-02,Female,O+,8620076118
Ranveer,97,1071,Alpha,1972-06-03,Male,A+,8620076119
Ranvijay,98,1071,Beta,1973-02-14,Male,A-,8620076120
Suhani,99,1071,Delta,1974-02-08,Female,A-,8620076121
Sushma,100,1071,Omicron,1975-06-16,Female,B-,8620076122
Virender,101,1081,Alpha,1976-06-18,Male,B-,8620076223
Biral,102,1081,Beta,1977-06-20,Male,AB-,8620076224
Bheem,103,1081,Delta,1978-06-22,Male,AB-,8620076225
Nagesh,104,1081,Omicron,1979-02-24,Male,O-,8620076226
Ananya,105,1091,Alpha,1980-07-26,Female,O-,8620076227
Akshay,106,1091,Beta,1981-07-13,Male,B-,8620076228
Salman,107,1091,Delta,1982-08-15,Male,B-,8620076229
Kareena,108,1091,Omicron,1983-08-17,Female,AB-,8620076230
