Name,Supplier_ID,Conatct
"Vagdevi pvt ltd",1001,9440556172
"LT pvt ltd",1002,9440556173
"Vijay pvt ltd",1003,9440556174
"Heeralal pvt ltd",1004,9440556175
"Vishaka pvt ltd",1005,9440556176
"radhika pvt ltd",1006,9440556177
"ritesh pvt ltd",1007,9440556178
"Animesh pvt ltd",1008,9440556179
"Prajesh pvt ltd",1009,9440556180
"EK pvt ltd",1010,9440556181
"NMR pvt ltd",1011,9440556182
"TRK pvt ltd",1012,9440556183
"Swami pvt ltd",1013,9440556184
"RR pvt ltd",1014,9440556185
"Ambika pvt ltd",1015,9440556186
"Rocky pvt ltd",1016,9440556187
"Saraswati pvt ltd",1017,9440556188
"MT pvt ltd",1018,9440556189
"RFIC pvt ltd",1019,9440556190
"Swastik pvt ltd",1020,9440556191
